{
    "_comment_description": "=== Configuration for Continuous Action Space Offline Constrained RL ===",
    
    "algo_name": "Offline Constrained RL - Continuous Action Space",
    "gamma": 0.99,
    "batch_size": 256,
    "train_eps": 1000,
    "train_eps_steps": 100,
    
    "_comment_actor_critic": "=== Actor and Critic Network Configurations ===",
    "lr_actor": 0.0001,
    "lr_critic": 0.001,
    "weight_decay_actor": 0.0001,
    "weight_decay_critic": 0.0001,
    "optim_actor": "torch.optim.Adam",
    "optim_critic": "torch.optim.Adam",
    "loss_critic": "nn.MSELoss()",
    "activation_function_actor": "relu",
    "activation_params_actor": {},
    "activation_function_critic": "relu",
    "activation_params_critic": {},
    
    "_comment_fqe": "=== Fitted Q Evaluation (FQE) Configurations ===",
    "weight_decay_fqe": 0.0001,
    "optim_fqe": "torch.optim.Adam",
    "loss_fqe": "nn.MSELoss()",
    "activation_function_fqe": "relu",
    "activation_params_fqe": {},
    
    "_comment_general": "=== General Training Configurations ===",
    "memory_capacity": 100000,
    "target_update": 10,
    "tau": 0.005,
    "lr_fqe_obj": 0.001,
    
    "_comment_constraints": "=== Constraint Configurations ===",
    "constraint_num": 2,
    "lr_fqe_con_list": [0.001, 0.001],
    "lr_lambda_list": [0.01, 0.01],
    "threshold_list": [0.1, 0.2],
    "lambda_update": "None",
    "bound_lambda": "None",
    
    "_comment_system": "=== System Configurations ===",
    "device_type": "cuda",
    
    "_comment_usage_notes": "=== Usage Notes ===",
    "_note1": "This config is specifically designed for continuous action space DDPG",
    "_note2": "No FQI configurations needed - only Actor, Critic, and FQE",
    "_note3": "Recommended network architecture: hidden_layers=[256, 256] or [512, 256, 128]",
    "_note4": "constraint_num=2 means 2 constraints with thresholds [0.1, 0.2]",
    "_note5": "lambda_update options: null, 'PG with bound', 'EG with bound'"
} 