{
    "algo_name": "ConMedRL for ICU Discharge Decision Making",
    "gamma": 1.00,
    "batch_size": 32,
    "train_eps": 100,
    "train_eps_steps": 1000,
    "weight_decay_fqi": 0.0001,
    "weight_decay_fqe": 0.0001,
    "optim_fqi": "torch.optim.Adam",
    "optim_fqe": "torch.optim.Adam",
    "loss_fqi": "nn.MSELoss()",
    "loss_fqe": "nn.MSELoss()",
    "memory_capacity": 10000,
    "target_update": 100,
    "tau": 0.005,
    "lr_fqi": 0.001,
    "lr_fqe_obj": 0.001,
    "lr_fqe_con_list": [0.001, 0.001],
    "lr_lambda_list": [0.01, 0.01],
    "constraint_num": 2,
    "threshold_list": [0.1, 0.2],
    "device_type": "cuda",
    "activation_function_fqi": "relu",
    "activation_params_fqi": {},
    "activation_function_fqe": "relu",
    "activation_params_fqe": {},
    "lambda_update": "None",
    "bound_lambda": "None"
} 